{"rf_accuracy": 0.969758064516129, "cnn_accuracy": 0.9919354915618896, "mobilenet_accuracy": 0.9868951439857483}