{"rf_accuracy": 0.969758064516129, "cnn_accuracy": 0.9899294972419739, "mobilenet_accuracy": 0.9879153966903687}